学号,姓名,电话号码,组织
1238400000,䘉䘉䘉,19923890000,23级美声
1238400001,䘐䘐䘐,19923890001,23级美声
1238400002,䘑䘑䘑,19923890002,23级美声
1238400003,䘒䘒䘒,19923890003,23级美声
1238400004,䘓䘓䘓,19923890004,23级美声
1238400005,䘔䘔䘔,19923890005,23级美声
1238400006,䘕䘕䘕,19923890006,23级美声
1238400007,䘖䘖䘖,19923890007,23级美声
1238400008,䘗䘗䘗,19923890008,23级美声
1238400009,䘘䘘䘘,19923890009,23级美声
1238400010,䘙䘙䘙,19923890010,23级美声
1238400011,䘠䘠䘠,19923890011,23级美声
1238400012,䘡䘡䘡,19923890012,23级美声
1238400013,䘢䘢䘢,19923890013,23级美声
1238400014,䘣䘣䘣,19923890014,23级美声
1238400015,䘤䘤䘤,19923890015,23级美声
1238400016,䘥䘥䘥,19923890016,23级美声
1238400017,䘦䘦䘦,19923890017,23级美声
1238400018,䘧䘧䘧,19923890018,23级美声
1238400019,䘨䘨䘨,19923890019,23级美声
1238400020,䘩䘩䘩,19923890020,23级美声
1238400021,䘰䘰䘰,19923890021,23级美声
1238400022,䘱䘱䘱,19923890022,23级美声
1238400023,䘲䘲䘲,19923890023,23级美声
1238400024,䘳䘳䘳,19923890024,23级美声
1238400025,䘴䘴䘴,19923890025,23级美声
1238400026,䘵䘵䘵,19923890026,23级美声
1238400027,䘶䘶䘶,19923890027,23级美声
1238400028,䘷䘷䘷,19923890028,23级美声
1238400029,䘸䘸䘸,19923890029,23级美声
1238400030,䘹䘹䘹,19923890030,23级美声
1238400031,䙀䙀䙀,19923890031,23级美声
1238400032,䙁䙁䙁,19923890032,23级美声
1238400033,䙂䙂䙂,19923890033,23级美声
1238400034,䙃䙃䙃,19923890034,23级美声
1238400035,䙄䙄䙄,19923890035,23级美声
1238400036,䙅䙅䙅,19923890036,23级美声
1238400037,䙆䙆䙆,19923890037,23级美声
1238400038,䙇䙇䙇,19923890038,23级美声
1238400039,䙈䙈䙈,19923890039,23级美声
1238400040,䙉䙉䙉,19923890040,23级美声
1238400041,䙐䙐䙐,19923890041,23级美声
1238400042,䙑䙑䙑,19923890042,23级美声
1238400043,䙒䙒䙒,19923890043,23级美声
1238400044,䙓䙓䙓,19923890044,23级美声
1238400045,䙔䙔䙔,19923890045,23级美声
1238400046,䙕䙕䙕,19923890046,23级美声
1238400047,䙖䙖䙖,19923890047,23级美声
1238400048,䙗䙗䙗,19923890048,23级美声
1238400049,䙘䙘䙘,19923890049,23级美声
1238400050,䙙䙙䙙,19923890050,23级美声
1238400051,䙠䙠䙠,19923890051,23级美声
1238400052,䙡䙡䙡,19923890052,23级美声
1238400053,䙢䙢䙢,19923890053,23级美声
1238400054,䙣䙣䙣,19923890054,23级美声
1238400055,䙤䙤䙤,19923890055,23级美声
1238400056,䙥䙥䙥,19923890056,23级美声
1238400057,䙦䙦䙦,19923890057,23级美声
1238400058,䙧䙧䙧,19923890058,23级美声
1238400059,䙨䙨䙨,19923890059,23级美声
1238400060,䙩䙩䙩,19923890060,23级美声
1238400061,䙰䙰䙰,19923890061,23级美声
1238400062,䙱䙱䙱,19923890062,23级美声
1238400063,䙲䙲䙲,19923890063,23级美声
1238400064,䙳䙳䙳,19923890064,23级美声
1238400065,䙴䙴䙴,19923890065,23级美声
1238400066,䙵䙵䙵,19923890066,23级美声
1238400067,䙶䙶䙶,19923890067,23级美声
1238400068,䙷䙷䙷,19923890068,23级美声
1238400069,䙸䙸䙸,19923890069,23级美声
1238400070,䙹䙹䙹,19923890070,23级美声
1238400071,䚀䚀䚀,19923890071,23级美声
1238400072,䚁䚁䚁,19923890072,23级美声
1238400073,䚂䚂䚂,19923890073,23级美声
1238400074,䚃䚃䚃,19923890074,23级美声
1238400075,䚄䚄䚄,19923890075,23级美声
1238400076,䚅䚅䚅,19923890076,23级美声
1238400077,䚆䚆䚆,19923890077,23级美声
1238400078,䚇䚇䚇,19923890078,23级美声
1238400079,䚈䚈䚈,19923890079,23级美声
1238400080,䚉䚉䚉,19923890080,23级美声
1238400081,䚐䚐䚐,19923890081,23级美声
1238400082,䚑䚑䚑,19923890082,23级美声
1238400083,䚒䚒䚒,19923890083,23级美声
1238400084,䚓䚓䚓,19923890084,23级美声
1238400085,䚔䚔䚔,19923890085,23级美声
1238400086,䚕䚕䚕,19923890086,23级美声
1238400087,䚖䚖䚖,19923890087,23级美声
1238400088,䚗䚗䚗,19923890088,23级美声
1238400089,䚘䚘䚘,19923890089,23级美声
1238400090,䚙䚙䚙,19923890090,23级美声
1238400091,䜀䜀䜀,19923890091,23级美声
1238400092,䜁䜁䜁,19923890092,23级美声
1238400093,䜂䜂䜂,19923890093,23级美声
1238400094,䜃䜃䜃,19923890094,23级美声
1238400095,䜄䜄䜄,19923890095,23级美声
1238400096,䜅䜅䜅,19923890096,23级美声
1238400097,䜆䜆䜆,19923890097,23级美声
1238400098,䜇䜇䜇,19923890098,23级美声
1238400099,䜈䜈䜈,19923890099,23级美声
1238400100,䜉䜉䜉,19923890100,23级美声
1238400101,䜐䜐䜐,19923890101,23级美声
1238400102,䜑䜑䜑,19923890102,23级美声
1238400103,䜒䜒䜒,19923890103,23级美声
1238400104,䜓䜓䜓,19923890104,23级美声
1238400105,䜔䜔䜔,19923890105,23级美声
1238400106,䜕䜕䜕,19923890106,23级美声
1238400107,䜖䜖䜖,19923890107,23级美声
1238400108,䜗䜗䜗,19923890108,23级美声
1238400109,䜘䜘䜘,19923890109,23级美声
1238400110,䜙䜙䜙,19923890110,23级美声
1238400111,䜠䜠䜠,19923890111,23级美声
1238400112,䜡䜡䜡,19923890112,23级美声
1238400113,䜢䜢䜢,19923890113,23级美声
1238400114,䜣䜣䜣,19923890114,23级美声
1238400115,䜤䜤䜤,19923890115,23级美声
1238400116,䜥䜥䜥,19923890116,23级美声
1238400117,䜦䜦䜦,19923890117,23级美声
1238400118,䜧䜧䜧,19923890118,23级美声
1238400119,䜨䜨䜨,19923890119,23级美声
1238400120,䜩䜩䜩,19923890120,23级美声
1238400121,䜰䜰䜰,19923890121,23级美声
1238400122,䜱䜱䜱,19923890122,23级美声
1238400123,䜲䜲䜲,19923890123,23级美声
1238400124,䜳䜳䜳,19923890124,23级美声
1238400125,䜴䜴䜴,19923890125,23级美声
1238400126,䜵䜵䜵,19923890126,23级美声
1238400127,䜶䜶䜶,19923890127,23级美声
1238400128,䜷䜷䜷,19923890128,23级美声
1238400129,䜸䜸䜸,19923890129,23级美声
1238400130,䜹䜹䜹,19923890130,23级美声
1238400131,䝀䝀䝀,19923890131,23级美声
1238400132,䝁䝁䝁,19923890132,23级美声
1238400133,䝂䝂䝂,19923890133,23级美声
1238400134,䝃䝃䝃,19923890134,23级美声
1238400135,䝄䝄䝄,19923890135,23级美声
1238400136,䝅䝅䝅,19923890136,23级美声
1238400137,䝆䝆䝆,19923890137,23级美声
1238400138,䝇䝇䝇,19923890138,23级美声
1238400139,䝈䝈䝈,19923890139,23级美声
1238400140,䝉䝉䝉,19923890140,23级美声
1238400141,䝐䝐䝐,19923890141,23级美声
1238400142,䝑䝑䝑,19923890142,23级美声
1238400143,䝒䝒䝒,19923890143,23级美声
1238400144,䝓䝓䝓,19923890144,23级美声
1238400145,䝔䝔䝔,19923890145,23级美声
1238400146,䝕䝕䝕,19923890146,23级美声
1238400147,䝖䝖䝖,19923890147,23级美声
1238400148,䝗䝗䝗,19923890148,23级美声
1238400149,䝘䝘䝘,19923890149,23级美声
1238400150,䝙䝙䝙,19923890150,23级美声
1238400151,䝠䝠䝠,19923890151,23级美声
1238400152,䝡䝡䝡,19923890152,23级美声
1238400153,䝢䝢䝢,19923890153,23级美声
1238400154,䝣䝣䝣,19923890154,23级美声
1238400155,䝤䝤䝤,19923890155,23级美声
1238400156,䝥䝥䝥,19923890156,23级美声
1238400157,䝦䝦䝦,19923890157,23级美声
1238400158,䝧䝧䝧,19923890158,23级美声
1238400159,䝨䝨䝨,19923890159,23级美声
1238400160,䝩䝩䝩,19923890160,23级美声
1238400161,䝰䝰䝰,19923890161,23级美声
1238400162,䝱䝱䝱,19923890162,23级美声
1238400163,䝲䝲䝲,19923890163,23级美声
1238400164,䝳䝳䝳,19923890164,23级美声
1238400165,䝴䝴䝴,19923890165,23级美声
1238400166,䝵䝵䝵,19923890166,23级美声
1238400167,䝶䝶䝶,19923890167,23级美声
1238400168,䝷䝷䝷,19923890168,23级美声
1238400169,䝸䝸䝸,19923890169,23级美声
1238400170,䝹䝹䝹,19923890170,23级美声
1238400171,䞀䞀䞀,19923890171,23级美声
1238400172,䞁䞁䞁,19923890172,23级美声
1238400173,䞂䞂䞂,19923890173,23级美声
1238400174,䞃䞃䞃,19923890174,23级美声
1238400175,䞄䞄䞄,19923890175,23级美声
1238400176,䞅䞅䞅,19923890176,23级美声
1238400177,䞆䞆䞆,19923890177,23级美声
1238400178,䞇䞇䞇,19923890178,23级美声
1238400179,䞈䞈䞈,19923890179,23级美声
1238400180,䞉䞉䞉,19923890180,23级美声
1238400181,䞐䞐䞐,19923890181,23级美声
1238400182,䞑䞑䞑,19923890182,23级美声
1238400183,䞒䞒䞒,19923890183,23级美声
1238400184,䞓䞓䞓,19923890184,23级美声
1238400185,䞔䞔䞔,19923890185,23级美声
1238400186,䞕䞕䞕,19923890186,23级美声
1238400187,䞖䞖䞖,19923890187,23级美声
1238400188,䞗䞗䞗,19923890188,23级美声
1238400189,䞘䞘䞘,19923890189,23级美声
1238400190,䞙䞙䞙,19923890190,23级美声
1238400191,䠀䠀䠀,19923890191,23级美声
1238400192,䠁䠁䠁,19923890192,23级美声
1238400193,䠂䠂䠂,19923890193,23级美声
1238400194,䠃䠃䠃,19923890194,23级美声
1238400195,䠄䠄䠄,19923890195,23级美声
1238400196,䠅䠅䠅,19923890196,23级美声
1238400197,䠆䠆䠆,19923890197,23级美声
1238400198,䠇䠇䠇,19923890198,23级美声
1238400199,䠈䠈䠈,19923890199,23级美声
1238400200,䠉䠉䠉,19923890200,23级美声
1238400201,䠐䠐䠐,19923890201,23级美声
1238400202,䠑䠑䠑,19923890202,23级美声
1238400203,䠒䠒䠒,19923890203,23级美声
1238400204,䠓䠓䠓,19923890204,23级美声
1238400205,䠔䠔䠔,19923890205,23级美声
1238400206,䠕䠕䠕,19923890206,23级美声
1238400207,䠖䠖䠖,19923890207,23级美声
1238400208,䠗䠗䠗,19923890208,23级美声
1238400209,䠘䠘䠘,19923890209,23级美声
1238400210,䠙䠙䠙,19923890210,23级美声
1238400211,䠠䠠䠠,19923890211,23级美声
1238400212,䠡䠡䠡,19923890212,23级美声
1238400213,䠢䠢䠢,19923890213,23级美声
1238400214,䠣䠣䠣,19923890214,23级美声
1238400215,䠤䠤䠤,19923890215,23级美声
1238400216,䠥䠥䠥,19923890216,23级美声
1238400217,䠦䠦䠦,19923890217,23级美声
1238400218,䠧䠧䠧,19923890218,23级美声
1238400219,䠨䠨䠨,19923890219,23级美声
1238400220,䠩䠩䠩,19923890220,23级美声
1238400221,䠰䠰䠰,19923890221,23级美声
1238400222,䠱䠱䠱,19923890222,23级美声
1238400223,䠲䠲䠲,19923890223,23级美声
1238400224,䠳䠳䠳,19923890224,23级美声
1238400225,䠴䠴䠴,19923890225,23级美声
1238400226,䠵䠵䠵,19923890226,23级美声
1238400227,䠶䠶䠶,19923890227,23级美声
1238400228,䠷䠷䠷,19923890228,23级美声
1238400229,䠸䠸䠸,19923890229,23级美声
1238400230,䠹䠹䠹,19923890230,23级美声
1238400231,䡀䡀䡀,19923890231,23级美声
1238400232,䡁䡁䡁,19923890232,23级美声
1238400233,䡂䡂䡂,19923890233,23级美声
1238400234,䡃䡃䡃,19923890234,23级美声
1238400235,䡄䡄䡄,19923890235,23级美声
1238400236,䡅䡅䡅,19923890236,23级美声
1238400237,䡆䡆䡆,19923890237,23级美声
1238400238,䡇䡇䡇,19923890238,23级美声
1238400239,䡈䡈䡈,19923890239,23级美声
1238400240,䡉䡉䡉,19923890240,23级美声
1238400241,䡐䡐䡐,19923890241,23级美声
1238400242,䡑䡑䡑,19923890242,23级美声
1238400243,䡒䡒䡒,19923890243,23级美声
1238400244,䡓䡓䡓,19923890244,23级美声
1238400245,䡔䡔䡔,19923890245,23级美声
1238400246,䡕䡕䡕,19923890246,23级美声
1238400247,䡖䡖䡖,19923890247,23级美声
1238400248,䡗䡗䡗,19923890248,23级美声
1238400249,䡘䡘䡘,19923890249,23级美声
1238400250,䡙䡙䡙,19923890250,23级美声
1238400251,䡠䡠䡠,19923890251,23级美声
1238400252,䡡䡡䡡,19923890252,23级美声
1238400253,䡢䡢䡢,19923890253,23级美声
1238400254,䡣䡣䡣,19923890254,23级美声
1238400255,䡤䡤䡤,19923890255,23级美声
1238400256,䡥䡥䡥,19923890256,23级美声
1238400257,䡦䡦䡦,19923890257,23级美声
1238400258,䡧䡧䡧,19923890258,23级美声
1238400259,䡨䡨䡨,19923890259,23级美声
1238400260,䡩䡩䡩,19923890260,23级美声
1238400261,䡰䡰䡰,19923890261,23级美声
1238400262,䡱䡱䡱,19923890262,23级美声
1238400263,䡲䡲䡲,19923890263,23级美声
1238400264,䡳䡳䡳,19923890264,23级美声
1238400265,䡴䡴䡴,19923890265,23级美声
1238400266,䡵䡵䡵,19923890266,23级美声
1238400267,䡶䡶䡶,19923890267,23级美声
1238400268,䡷䡷䡷,19923890268,23级美声
1238400269,䡸䡸䡸,19923890269,23级美声
1238400270,䡹䡹䡹,19923890270,23级美声
1238400271,䢀䢀䢀,19923890271,23级美声
1238400272,䢁䢁䢁,19923890272,23级美声
1238400273,䢂䢂䢂,19923890273,23级美声
1238400274,䢃䢃䢃,19923890274,23级美声
1238400275,䢄䢄䢄,19923890275,23级美声
1238400276,䢅䢅䢅,19923890276,23级美声
1238400277,䢆䢆䢆,19923890277,23级美声
1238400278,䢇䢇䢇,19923890278,23级美声
1238400279,䢈䢈䢈,19923890279,23级美声
1238400280,䢉䢉䢉,19923890280,23级美声
1238400281,䢐䢐䢐,19923890281,23级美声
1238400282,䢑䢑䢑,19923890282,23级美声
1238400283,䢒䢒䢒,19923890283,23级美声
1238400284,䢓䢓䢓,19923890284,23级美声
1238400285,䢔䢔䢔,19923890285,23级美声
1238400286,䢕䢕䢕,19923890286,23级美声
1238400287,䢖䢖䢖,19923890287,23级美声
1238400288,䢗䢗䢗,19923890288,23级美声
1238400289,䢘䢘䢘,19923890289,23级美声
1238400290,䢙䢙䢙,19923890290,23级美声
1238400291,䤀䤀䤀,19923890291,23级美声
1238400292,䤁䤁䤁,19923890292,23级美声
1238400293,䤂䤂䤂,19923890293,23级美声
1238400294,䤃䤃䤃,19923890294,23级美声
1238400295,䤄䤄䤄,19923890295,23级美声
1238400296,䤅䤅䤅,19923890296,23级美声
1238400297,䤆䤆䤆,19923890297,23级美声
1238400298,䤇䤇䤇,19923890298,23级美声
1238400299,䤈䤈䤈,19923890299,23级美声
1238400300,䤉䤉䤉,19923890300,23级美声
1238400301,䤐䤐䤐,19923890301,23级美声
1238400302,䤑䤑䤑,19923890302,23级美声
1238400303,䤒䤒䤒,19923890303,23级美声
1238400304,䤓䤓䤓,19923890304,23级美声
1238400305,䤔䤔䤔,19923890305,23级美声
1238400306,䤕䤕䤕,19923890306,23级美声
1238400307,䤖䤖䤖,19923890307,23级美声
1238400308,䤗䤗䤗,19923890308,23级美声
1238400309,䤘䤘䤘,19923890309,23级美声
1238400310,䤙䤙䤙,19923890310,23级美声
1238400311,䤠䤠䤠,19923890311,23级美声
1238400312,䤡䤡䤡,19923890312,23级美声
1238400313,䤢䤢䤢,19923890313,23级美声
1238400314,䤣䤣䤣,19923890314,23级美声
1238400315,䤤䤤䤤,19923890315,23级美声
1238400316,䤥䤥䤥,19923890316,23级美声
1238400317,䤦䤦䤦,19923890317,23级美声
1238400318,䤧䤧䤧,19923890318,23级美声
1238400319,䤨䤨䤨,19923890319,23级美声
1238400320,䤩䤩䤩,19923890320,23级美声
1238400321,䤰䤰䤰,19923890321,23级美声
1238400322,䤱䤱䤱,19923890322,23级美声
1238400323,䤲䤲䤲,19923890323,23级美声
1238400324,䤳䤳䤳,19923890324,23级美声
1238400325,䤴䤴䤴,19923890325,23级美声
1238400326,䤵䤵䤵,19923890326,23级美声
1238400327,䤶䤶䤶,19923890327,23级美声
1238400328,䤷䤷䤷,19923890328,23级美声
1238400329,䤸䤸䤸,19923890329,23级美声
1238400330,䤹䤹䤹,19923890330,23级美声
1238400331,䥀䥀䥀,19923890331,23级美声
1238400332,䥁䥁䥁,19923890332,23级美声
1238400333,䥂䥂䥂,19923890333,23级美声
1238400334,䥃䥃䥃,19923890334,23级美声
1238400335,䥄䥄䥄,19923890335,23级美声
1238400336,䥅䥅䥅,19923890336,23级美声
1238400337,䥆䥆䥆,19923890337,23级美声
1238400338,䥇䥇䥇,19923890338,23级美声
1238400339,䥈䥈䥈,19923890339,23级美声
1238400340,䥉䥉䥉,19923890340,23级美声
1238400341,䥐䥐䥐,19923890341,23级美声
1238400342,䥑䥑䥑,19923890342,23级美声
1238400343,䥒䥒䥒,19923890343,23级美声
1238400344,䥓䥓䥓,19923890344,23级美声
1238400345,䥔䥔䥔,19923890345,23级美声
1238400346,䥕䥕䥕,19923890346,23级美声
1238400347,䥖䥖䥖,19923890347,23级美声
1238400348,䥗䥗䥗,19923890348,23级美声
1238400349,䥘䥘䥘,19923890349,23级美声
1238400350,䥙䥙䥙,19923890350,23级美声
1238400351,䥠䥠䥠,19923890351,23级美声
1238400352,䥡䥡䥡,19923890352,23级美声
1238400353,䥢䥢䥢,19923890353,23级美声
1238400354,䥣䥣䥣,19923890354,23级美声
1238400355,䥤䥤䥤,19923890355,23级美声
1238400356,䥥䥥䥥,19923890356,23级美声
1238400357,䥦䥦䥦,19923890357,23级美声
1238400358,䥧䥧䥧,19923890358,23级美声
1238400359,䥨䥨䥨,19923890359,23级美声
1238400360,䥩䥩䥩,19923890360,23级美声
1238400361,䥰䥰䥰,19923890361,23级美声
1238400362,䥱䥱䥱,19923890362,23级美声
1238400363,䥲䥲䥲,19923890363,23级美声
1238400364,䥳䥳䥳,19923890364,23级美声
1238400365,䥴䥴䥴,19923890365,23级美声
1238400366,䥵䥵䥵,19923890366,23级美声
1238400367,䥶䥶䥶,19923890367,23级美声
1238400368,䥷䥷䥷,19923890368,23级美声
1238400369,䥸䥸䥸,19923890369,23级美声
1238400370,䥹䥹䥹,19923890370,23级美声
1238400371,䦀䦀䦀,19923890371,23级美声
1238400372,䦁䦁䦁,19923890372,23级美声
1238400373,䦂䦂䦂,19923890373,23级美声
1238400374,䦃䦃䦃,19923890374,23级美声
1238400375,䦄䦄䦄,19923890375,23级美声
1238400376,䦅䦅䦅,19923890376,23级美声
1238400377,䦆䦆䦆,19923890377,23级美声
1238400378,䦇䦇䦇,19923890378,23级美声
1238400379,䦈䦈䦈,19923890379,23级美声
1238400380,䦉䦉䦉,19923890380,23级美声
1238400381,䦐䦐䦐,19923890381,23级美声
1238400382,䦑䦑䦑,19923890382,23级美声
1238400383,䦒䦒䦒,19923890383,23级美声
1238400384,䦓䦓䦓,19923890384,23级美声
1238400385,䦔䦔䦔,19923890385,23级美声
1238400386,䦕䦕䦕,19923890386,23级美声
1238400387,䦖䦖䦖,19923890387,23级美声
1238400388,䦗䦗䦗,19923890388,23级美声
1238400389,䦘䦘䦘,19923890389,23级美声
1238400390,䦙䦙䦙,19923890390,23级美声
1238400391,倀倀倀,19923890391,23级美声
1238400392,倁倁倁,19923890392,23级美声
1238400393,倂倂倂,19923890393,23级美声
1238400394,倃倃倃,19923890394,23级美声
1238400395,倄倄倄,19923890395,23级美声
1238400396,倅倅倅,19923890396,23级美声
1238400397,倆倆倆,19923890397,23级美声
1238400398,倇倇倇,19923890398,23级美声
1238400399,倈倈倈,19923890399,23级美声
1238400400,倉倉倉,19923890400,23级美声
1238400401,倐倐倐,19923890401,23级美声
1238400402,們們們,19923890402,23级美声
1238400403,倒倒倒,19923890403,23级美声
1238400404,倓倓倓,19923890404,23级美声
1238400405,倔倔倔,19923890405,23级美声
1238400406,倕倕倕,19923890406,23级美声
1238400407,倖倖倖,19923890407,23级美声
1238400408,倗倗倗,19923890408,23级美声
1238400409,倘倘倘,19923890409,23级美声
1238400410,候候候,19923890410,23级美声
1238400411,倠倠倠,19923890411,23级美声
1238400412,倡倡倡,19923890412,23级美声
1238400413,倢倢倢,19923890413,23级美声
1238400414,倣倣倣,19923890414,23级美声
1238400415,値値値,19923890415,23级美声
1238400416,倥倥倥,19923890416,23级美声
1238400417,倦倦倦,19923890417,23级美声
1238400418,倧倧倧,19923890418,23级美声
1238400419,倨倨倨,19923890419,23级美声
1238400420,倩倩倩,19923890420,23级美声
1238400421,倰倰倰,19923890421,23级美声
1238400422,倱倱倱,19923890422,23级美声
1238400423,倲倲倲,19923890423,23级美声
1238400424,倳倳倳,19923890424,23级美声
1238400425,倴倴倴,19923890425,23级美声
1238400426,倵倵倵,19923890426,23级美声
1238400427,倶倶倶,19923890427,23级美声
1238400428,倷倷倷,19923890428,23级美声
1238400429,倸倸倸,19923890429,23级美声
1238400430,倹倹倹,19923890430,23级美声
1238400431,偀偀偀,19923890431,23级美声
1238400432,偁偁偁,19923890432,23级美声
1238400433,偂偂偂,19923890433,23级美声
1238400434,偃偃偃,19923890434,23级美声
1238400435,偄偄偄,19923890435,23级美声
1238400436,偅偅偅,19923890436,23级美声
1238400437,偆偆偆,19923890437,23级美声
1238400438,假假假,19923890438,23级美声
1238400439,偈偈偈,19923890439,23级美声
1238400440,偉偉偉,19923890440,23级美声
1238400441,偐偐偐,19923890441,23级美声
1238400442,偑偑偑,19923890442,23级美声
1238400443,偒偒偒,19923890443,23级美声
1238400444,偓偓偓,19923890444,23级美声
1238400445,偔偔偔,19923890445,23级美声
1238400446,偕偕偕,19923890446,23级美声
1238400447,偖偖偖,19923890447,23级美声
1238400448,偗偗偗,19923890448,23级美声
1238400449,偘偘偘,19923890449,23级美声
1238400450,偙偙偙,19923890450,23级美声
1238400451,偠偠偠,19923890451,23级美声
1238400452,偡偡偡,19923890452,23级美声
1238400453,偢偢偢,19923890453,23级美声
1238400454,偣偣偣,19923890454,23级美声
1238400455,偤偤偤,19923890455,23级美声
1238400456,健健健,19923890456,23级美声
1238400457,偦偦偦,19923890457,23级美声
1238400458,偧偧偧,19923890458,23级美声
1238400459,偨偨偨,19923890459,23级美声
1238400460,偩偩偩,19923890460,23级美声
1238400461,偰偰偰,19923890461,23级美声
1238400462,偱偱偱,19923890462,23级美声
1238400463,偲偲偲,19923890463,23级美声
1238400464,偳偳偳,19923890464,23级美声
1238400465,側側側,19923890465,23级美声
1238400466,偵偵偵,19923890466,23级美声
1238400467,偶偶偶,19923890467,23级美声
1238400468,偷偷偷,19923890468,23级美声
1238400469,偸偸偸,19923890469,23级美声
1238400470,偹偹偹,19923890470,23级美声
1238400471,傀傀傀,19923890471,23级美声
1238400472,傁傁傁,19923890472,23级美声
1238400473,傂傂傂,19923890473,23级美声
1238400474,傃傃傃,19923890474,23级美声
1238400475,傄傄傄,19923890475,23级美声
1238400476,傅傅傅,19923890476,23级美声
1238400477,傆傆傆,19923890477,23级美声
1238400478,傇傇傇,19923890478,23级美声
1238400479,傈傈傈,19923890479,23级美声
1238400480,傉傉傉,19923890480,23级美声
1238400481,傐傐傐,19923890481,23级美声
1238400482,傑傑傑,19923890482,23级美声
1238400483,傒傒傒,19923890483,23级美声
1238400484,傓傓傓,19923890484,23级美声
1238400485,傔傔傔,19923890485,23级美声
1238400486,傕傕傕,19923890486,23级美声
1238400487,傖傖傖,19923890487,23级美声
1238400488,傗傗傗,19923890488,23级美声
1238400489,傘傘傘,19923890489,23级美声
1238400490,備備備,19923890490,23级美声
1238400491,儀儀儀,19923890491,23级美声
1238400492,儁儁儁,19923890492,23级美声
1238400493,儂儂儂,19923890493,23级美声
1238400494,儃儃儃,19923890494,23级美声
1238400495,億億億,19923890495,23级美声
1238400496,儅儅儅,19923890496,23级美声
1238400497,儆儆儆,19923890497,23级美声
1238400498,儇儇儇,19923890498,23级美声
1238400499,儈儈儈,19923890499,23级美声
